{"stats":{"minecraft:mined":{"duneons:dungeonscharreddirt":1},"minecraft:killed_by":{"minecraft:skeleton":1},"minecraft:used":{"quark:pickarang":5,"duneons:dungeonscharreddirt":1,"weaponmaster:workstation":1},"minecraft:picked_up":{"duneons:dungeonscharreddirt":1,"weaponmaster:workstation":1,"minecraft:wheat_seeds":1,"quark:pickarang":1},"minecraft:killed":{"minecraft:sheep":1},"minecraft:custom":{"minecraft:time_since_rest":3147,"minecraft:crouch_one_cm":461,"minecraft:play_time":21850,"minecraft:sprint_one_cm":6741,"minecraft:deaths":1,"minecraft:damage_taken":285,"minecraft:walk_one_cm":12148,"minecraft:sneak_time":217,"minecraft:walk_under_water_one_cm":1127,"minecraft:mob_kills":1,"minecraft:drop":4,"minecraft:damage_dealt_resisted":172,"minecraft:jump":54,"minecraft:damage_dealt":10,"minecraft:leave_game":2,"minecraft:walk_on_water_one_cm":6133,"minecraft:time_since_death":3107,"minecraft:total_world_time":21850,"minecraft:swim_one_cm":7558,"minecraft:fall_one_cm":418,"minecraft:fly_one_cm":11399},"minecraft:dropped":{"quark:pickarang":1,"duneons:mossendirt":1,"weaponmaster:taglockkit":1,"weaponmaster:workstation":1}},"DataVersion":3465}