{
  "stellarity:dragons_den/cursed_tome/root": {
    "criteria": {
      "requirement": "2024-05-30 01:17:50 +0000"
    },
    "done": true
  },
  "explorerscompass:explorers_compass_cracked_stone_bricks": {
    "criteria": {
      "has_recipe": "2024-05-30 01:17:50 +0000"
    },
    "done": true
  },
  "dungeons_arise:wda_root": {
    "criteria": {
      "WDA": "2024-05-30 01:17:50 +0000"
    },
    "done": true
  },
  "weaponmaster:parts/root": {
    "criteria": {
      "crafting_table": "2024-05-30 01:17:50 +0000"
    },
    "done": true
  },
  "infinite_abyss:logged_in": {
    "criteria": {
      "logged_in": "2024-05-30 01:17:50 +0000"
    },
    "done": true
  },
  "stellarity:story/drop_rare_illager_loot": {
    "criteria": {
      "drop5": "2024-05-30 01:17:50 +0000"
    },
    "done": true
  },
  "farmersdelight:main/root": {
    "criteria": {
      "seeds": "2024-05-30 01:17:50 +0000"
    },
    "done": true
  },
  "stellarity:cursed_tome/spellbooks/conveyance": {
    "criteria": {
      "requirement": "2024-05-30 01:17:50 +0000"
    },
    "done": true
  },
  "naturescompass:natures_compass_log": {
    "criteria": {
      "has_recipe": "2024-05-30 01:17:50 +0000"
    },
    "done": true
  },
  "stellarity:cursed_tome/root": {
    "criteria": {
      "requirement": "2024-05-30 01:17:50 +0000"
    },
    "done": true
  },
  "naturescompass:natures_compass": {
    "criteria": {
      "has_recipe": "2024-05-30 01:17:50 +0000"
    },
    "done": true
  },
  "stellarity:cursed_tome/spellbooks/updraft": {
    "criteria": {
      "requirement": "2024-05-30 01:17:50 +0000"
    },
    "done": true
  },
  "naturescompass:natures_compass_sapling": {
    "criteria": {
      "has_recipe": "2024-05-30 01:17:50 +0000"
    },
    "done": true
  },
  "stellarity:cursed_tome/spellbooks/light": {
    "criteria": {
      "requirement": "2024-05-30 01:17:50 +0000"
    },
    "done": true
  },
  "travelersbackpack:standard_from_custom": {
    "criteria": {
      "has_the_recipe": "2024-05-30 01:17:50 +0000"
    },
    "done": true
  },
  "stellarity:dragons_den/cursed_tome/items/spellbooks/unlock_conveyance": {
    "criteria": {
      "requirement": "2024-05-30 01:17:50 +0000"
    },
    "done": true
  },
  "stellarity:cursed_tome/spellbooks/natures_wrath": {
    "criteria": {
      "requirement": "2024-05-30 01:17:50 +0000"
    },
    "done": true
  },
  "minecraft:adventure/adventuring_time": {
    "criteria": {
      "minecraft:plains": "2024-05-30 01:17:52 +0000"
    },
    "done": false
  },
  "stellarity:dragons_den/cursed_tome/items/spellbooks/unlock_updraft": {
    "criteria": {
      "requirement": "2024-05-30 01:17:50 +0000"
    },
    "done": true
  },
  "explorerscompass:explorers_compass_cobweb": {
    "criteria": {
      "has_recipe": "2024-05-30 01:17:50 +0000"
    },
    "done": true
  },
  "stellarity:cursed_tome/sabrewing": {
    "criteria": {
      "requirement": "2024-05-30 01:18:21 +0000"
    },
    "done": true
  },
  "stellarity:dragons_den/cursed_tome/items/unlock_sabrewing": {
    "criteria": {
      "requirement": "2024-05-30 01:18:21 +0000"
    },
    "done": true
  },
  "mna:root": {
    "criteria": {
      "get_vinteum": "2024-05-30 01:17:50 +0000"
    },
    "done": true
  },
  "cataclysm:root": {
    "criteria": {
      "custom_test_name": "2024-05-30 01:17:50 +0000"
    },
    "done": true
  },
  "irons_spellbooks:grant_patchouli": {
    "criteria": {
      "tick": "2024-05-30 01:17:50 +0000"
    },
    "done": true
  },
  "stellarity:dragons_den/cursed_tome/items/spellbooks/unlock_light": {
    "criteria": {
      "requirement": "2024-05-30 01:17:50 +0000"
    },
    "done": true
  },
  "mythicmounts:summoning_staff": {
    "criteria": {
      "has_the_recipe": "2024-05-30 01:17:50 +0000"
    },
    "done": true
  },
  "explorerscompass:explorers_compass": {
    "criteria": {
      "has_recipe": "2024-05-30 01:17:50 +0000"
    },
    "done": true
  },
  "DataVersion": 3465
}